City_ID,City_ID,City_ID.1,City,Country,Lat,Lng,Max Temp,Humidity,Cloudiness,Wind Speed,Current Description
0,0,0,Rikitea,PF,-23.1203,-134.9692,73.2,69,62,20.51,broken clouds
1,1,1,Ahipara,NZ,-35.1667,173.1667,55.51,58,13,12.68,few clouds
2,2,2,Cancun,MX,21.1743,-86.8466,82.33,83,20,4.61,few clouds
3,3,3,Egvekinot,RU,66.3167,-179.1667,51.01,80,100,4.0,overcast clouds
4,4,4,Nizhniy Tsasuchey,RU,50.5167,115.1333,71.67,43,27,13.98,scattered clouds
5,5,5,East London,ZA,-33.0153,27.9116,63.88,42,51,4.74,broken clouds
6,6,6,Owando,CG,-0.4819,15.8999,73.62,62,71,3.62,broken clouds
7,7,7,Severo-Kurilsk,RU,50.6789,156.125,57.07,96,100,10.89,overcast clouds
8,8,8,Dwarka,IN,22.2394,68.9678,82.13,87,100,9.08,overcast clouds
9,9,9,Bethel,US,41.3712,-73.414,77.36,79,88,4.16,overcast clouds
10,10,10,Tari,NG,12.4086,4.4914,72.21,88,90,4.36,overcast clouds
11,11,11,Busselton,AU,-33.65,115.3333,56.08,73,0,16.2,clear sky
12,12,12,Port Elizabeth,ZA,-33.918,25.5701,58.32,95,0,13.8,clear sky
13,13,13,Barrow,US,71.2906,-156.7887,46.42,93,100,19.57,mist
14,14,14,Thessalon,CA,46.2501,-83.5666,59.29,67,0,13.0,clear sky
15,15,15,Komsomolskiy,UZ,40.4272,71.7189,74.12,40,0,6.91,clear sky
16,16,16,Yellowknife,CA,62.456,-114.3525,58.51,51,96,8.99,overcast clouds
17,17,17,Gondar,ET,12.6,37.4667,54.84,97,76,2.8,broken clouds
18,18,18,Mataura,NZ,-46.1927,168.8643,44.47,63,82,4.36,broken clouds
19,19,19,Vyshkov,RU,52.4764,31.6873,62.73,85,5,8.25,clear sky
20,20,20,Ponta Do Sol,PT,32.6667,-17.1,70.43,77,18,1.54,few clouds
21,21,21,Atuona,PF,-9.8,-139.0333,77.07,74,30,24.11,scattered clouds
22,22,22,Faya,SA,18.3851,42.4509,66.72,75,99,5.79,overcast clouds
23,23,23,Ushuaia,AR,-54.8,-68.3,33.46,80,20,2.3,few clouds
24,24,24,Lebu,CL,-37.6167,-73.65,49.73,92,100,8.81,overcast clouds
25,25,25,Karratha,AU,-20.7377,116.8463,70.03,24,50,24.27,scattered clouds
26,26,26,College,US,64.8569,-147.8028,73.38,40,75,3.44,broken clouds
27,27,27,Meulaboh,ID,4.1363,96.1285,80.4,76,99,2.39,light rain
28,28,28,Kodiak,US,57.79,-152.4072,60.31,77,100,10.36,overcast clouds
29,29,29,Sovetskiy,RU,61.3614,63.5842,56.48,93,100,7.94,overcast clouds
30,30,30,Dingle,PH,10.9995,122.6711,83.82,77,94,3.74,overcast clouds
31,31,31,Arraial Do Cabo,BR,-22.9661,-42.0278,67.53,76,7,14.14,clear sky
32,32,32,Mar Del Plata,AR,-38.0023,-57.5575,52.09,79,0,15.99,clear sky
33,33,33,Baykit,RU,61.67,96.37,56.35,62,40,5.57,scattered clouds
34,34,34,Grindavik,IS,63.8424,-22.4338,51.75,100,100,14.97,mist
35,35,35,Hobyo,SO,5.3505,48.5268,75.36,76,51,19.89,broken clouds
36,36,36,Filingue,NE,14.3521,3.3168,79.07,64,100,12.1,overcast clouds
37,37,37,Kaeo,NZ,-35.1,173.7833,58.32,55,10,10.74,clear sky
38,38,38,Sao Filipe,CV,14.8961,-24.4956,78.01,80,83,11.54,broken clouds
39,39,39,Mogadishu,SO,2.0371,45.3438,75.11,81,84,15.88,broken clouds
40,40,40,Bredasdorp,ZA,-34.5322,20.0403,52.74,87,99,11.52,light rain
41,41,41,Aswan,EG,24.0934,32.907,88.72,21,81,11.83,broken clouds
42,42,42,Puerto Ayora,EC,-0.7393,-90.3518,67.55,100,100,5.01,overcast clouds
43,43,43,Grand-Santi,GF,4.25,-54.3833,72.93,96,63,2.44,broken clouds
44,44,44,Bonthe,SL,7.5264,-12.505,75.22,91,94,7.92,moderate rain
45,45,45,Lata,PT,40.1629,-8.3327,58.91,94,0,1.74,clear sky
46,46,46,Bluff,NZ,-46.6,168.3333,44.8,63,95,11.25,overcast clouds
47,47,47,Hare Bay,CA,48.8499,-54.0148,58.35,92,100,5.5,overcast clouds
48,48,48,Hobart,AU,-42.8794,147.3294,57.06,70,75,4.61,broken clouds
49,49,49,Norman Wells,CA,65.282,-126.8329,73.44,31,20,4.61,few clouds
50,50,50,Lagoa,PT,39.05,-27.9833,73.4,83,97,13.82,light rain
51,51,51,Henties Bay,,-22.116,14.2845,52.2,92,3,4.18,clear sky
52,52,52,Pevek,RU,69.7008,170.3133,36.0,93,92,9.98,overcast clouds
53,53,53,Rabo De Peixe,PT,37.8,-25.5833,75.27,75,20,8.05,few clouds
54,54,54,Vaini,TO,-21.2,-175.2,77.16,78,40,14.97,scattered clouds
55,55,55,Hithadhoo,MV,-0.6,73.0833,82.27,73,65,10.6,broken clouds
56,56,56,Albany,US,42.6001,-73.9662,72.01,65,1,6.35,clear sky
57,57,57,Tuktoyaktuk,CA,69.4541,-133.0374,55.4,76,75,16.11,broken clouds
58,58,58,Port Alfred,ZA,-33.5906,26.891,61.02,79,100,13.29,overcast clouds
59,59,59,Saint-Philippe,RE,-21.3585,55.7679,63.99,82,51,15.12,light rain
60,60,60,Cape Town,ZA,-33.9258,18.4232,55.11,86,75,4.0,light rain
61,61,61,Codrington,AU,-38.2667,141.9667,53.51,74,99,9.69,overcast clouds
62,62,62,Esperance,AU,-33.8667,121.9,56.07,60,73,8.14,broken clouds
63,63,63,Yulara,AU,-25.2406,130.9889,58.3,35,0,13.47,clear sky
64,64,64,Cayenne,GF,4.9333,-52.3333,82.09,1,0,0.0,clear sky
65,65,65,Comodoro Rivadavia,AR,-45.8667,-67.5,49.86,53,0,6.91,clear sky
66,66,66,Paita,PE,-5.0892,-81.1144,63.45,84,91,14.16,overcast clouds
67,67,67,Ngunguru,NZ,-35.6167,174.5,55.08,53,6,15.5,clear sky
68,68,68,Yar-Sale,RU,66.8333,70.8333,55.24,79,100,16.15,overcast clouds
69,69,69,Kamenka,RU,51.3223,42.7678,66.11,82,9,8.3,clear sky
70,70,70,Hermanus,ZA,-34.4187,19.2345,51.8,92,100,14.45,moderate rain
71,71,71,Carnarvon,AU,-24.8667,113.6333,67.93,26,0,21.68,clear sky
72,72,72,Parlakimidi,IN,18.7667,84.0833,82.18,78,100,2.15,overcast clouds
73,73,73,Ilhabela,BR,-23.7781,-45.3581,64.81,80,89,3.78,overcast clouds
74,74,74,Kloulklubed,PW,7.0419,134.2556,81.1,65,85,3.09,overcast clouds
75,75,75,Saldanha,ZA,-33.0117,17.9442,55.45,87,100,13.58,light rain
76,76,76,Hanstholm,DK,57.1167,8.6167,61.23,81,7,4.97,clear sky
77,77,77,Husavik,IS,66.0449,-17.3389,48.58,77,84,6.78,broken clouds
78,78,78,Dikson,RU,73.5069,80.5464,45.12,88,86,22.59,overcast clouds
79,79,79,Kibala,TD,9.1104,18.3463,70.5,99,100,6.08,heavy intensity rain
80,80,80,Lompoc,US,34.6391,-120.4579,71.74,76,0,11.5,clear sky
81,81,81,Qaanaaq,GL,77.484,-69.3632,37.04,76,99,6.73,overcast clouds
82,82,82,Avera,US,33.194,-82.5271,73.54,67,47,6.96,scattered clouds
83,83,83,San Jose,US,37.3394,-121.895,78.91,60,20,18.41,few clouds
84,84,84,Tasiilaq,GL,65.6145,-37.6368,33.96,78,9,2.26,clear sky
85,85,85,Bubaque,GW,11.2833,-15.8333,79.74,82,100,14.65,light rain
86,86,86,Jamestown,US,42.097,-79.2353,69.39,55,20,5.75,few clouds
87,87,87,Ribeira Grande,PT,38.5167,-28.7,74.8,79,100,11.48,overcast clouds
88,88,88,Santa Cruz,BO,-17.8,-63.1667,60.26,63,0,5.75,clear sky
89,89,89,Aras,ES,42.5617,-2.356,66.61,83,0,0.0,clear sky
90,90,90,Olavarria,AR,-36.8927,-60.3225,49.01,82,0,7.54,clear sky
91,91,91,Beruwala,LK,6.4788,79.9828,80.11,87,15,8.12,heavy intensity rain
92,92,92,Kimbe,PG,-5.5502,150.1429,79.5,83,100,4.85,light rain
93,93,93,Zhigansk,RU,66.7697,123.3711,54.41,62,100,23.85,overcast clouds
94,94,94,Butaritari,KI,3.0707,172.7902,82.18,75,27,13.27,scattered clouds
95,95,95,Adrar,MR,20.5022,-10.0711,91.38,36,1,4.92,clear sky
96,96,96,Kruisfontein,ZA,-34.0033,24.7314,52.88,86,100,5.55,overcast clouds
97,97,97,Oktyabrskiy,RU,54.4815,53.471,55.42,82,6,1.72,clear sky
98,98,98,Margate,GB,51.3813,1.3862,70.3,92,26,3.0,scattered clouds
99,99,99,Allapalli,IN,19.4167,80.0667,76.41,93,94,6.22,overcast clouds
100,100,100,Korla,CN,41.7597,86.1469,89.06,25,59,17.98,broken clouds
101,101,101,Thompson,CA,55.7435,-97.8558,73.56,53,40,5.75,scattered clouds
102,102,102,Micheldorf,AT,46.9222,14.4405,55.2,91,87,3.24,overcast clouds
103,103,103,Kushiro,JP,42.975,144.3747,74.35,88,75,8.05,light rain
104,104,104,Wembley,AU,-31.9333,115.8,63.19,61,0,18.41,clear sky
105,105,105,Airai,TL,-8.9266,125.4092,71.47,59,42,2.75,scattered clouds
106,106,106,Namibe,AO,-15.1961,12.1522,60.42,89,20,0.78,few clouds
107,107,107,Axim,GH,4.8699,-2.2405,74.68,83,100,8.03,overcast clouds
108,108,108,Talnakh,RU,69.4865,88.3972,54.21,82,100,5.75,light rain
109,109,109,Ucluelet,CA,48.9329,-125.5528,66.09,82,0,1.01,clear sky
110,110,110,Cockburn Town,TC,21.4612,-71.1419,82.29,75,26,19.01,scattered clouds
111,111,111,Deputatskiy,RU,69.3,139.9,46.8,80,100,3.94,overcast clouds
112,112,112,Punta Arenas,CL,-53.15,-70.9167,33.12,86,0,9.22,clear sky
113,113,113,Avarua,CK,-21.2078,-159.775,77.05,78,75,13.8,broken clouds
114,114,114,Mahebourg,MU,-20.4081,57.7,66.49,82,40,12.66,scattered clouds
115,115,115,Dovolnoye,RU,54.4958,79.6671,67.66,59,36,11.3,scattered clouds
116,116,116,Jega,NG,12.2175,4.3792,72.82,90,97,4.32,overcast clouds
117,117,117,Khatanga,RU,71.9667,102.5,50.58,61,99,10.85,overcast clouds
118,118,118,Saint-Augustin,CA,51.226,-58.6502,61.95,94,100,13.65,overcast clouds
119,119,119,Nikolskoye,RU,59.7035,30.7861,62.8,86,100,6.64,overcast clouds
120,120,120,La Baule-Escoublac,FR,47.2922,-2.364,71.26,54,0,3.44,clear sky
121,121,121,Ilulissat,GL,69.2167,-51.1,41.02,87,100,3.44,overcast clouds
122,122,122,Kavaratti,IN,10.5669,72.642,81.05,84,100,18.99,overcast clouds
123,123,123,Ancud,CL,-41.8697,-73.8203,48.94,94,100,22.35,moderate rain
124,124,124,Gazimurskiy Zavod,RU,51.5461,118.3266,58.17,93,100,1.5,overcast clouds
125,125,125,Makakilo City,US,21.3469,-158.0858,88.12,50,0,20.71,clear sky
126,126,126,Faanui,PF,-16.4833,-151.75,78.93,73,3,13.47,clear sky
127,127,127,Leningradskiy,RU,69.3833,178.4167,47.68,78,100,4.52,overcast clouds
128,128,128,Geraldton,AU,-28.7667,114.6,61.21,55,0,23.02,clear sky
129,129,129,Ereymentau,KZ,51.6199,73.1033,64.42,79,0,5.55,clear sky
130,130,130,Boyolangu,ID,-8.1181,111.8935,81.34,77,79,4.41,broken clouds
131,131,131,Fairbanks,US,64.8378,-147.7164,73.4,40,20,3.44,few clouds
132,132,132,Monrovia,LR,6.3005,-10.7969,76.21,85,94,13.42,light rain
133,133,133,Winnemucca,US,40.973,-117.7357,91.45,22,0,10.36,clear sky
134,134,134,Makushino,RU,55.2103,67.2442,62.53,93,100,8.08,light rain
135,135,135,Beitbridge,ZW,-22.2167,30.0,64.02,54,0,3.6,clear sky
136,136,136,Kadiri,IN,14.1167,78.1667,75.54,70,89,18.19,overcast clouds
137,137,137,Venice,US,27.0998,-82.4543,83.98,78,0,6.91,clear sky
138,138,138,Lobatse,BW,-25.2167,25.6667,53.38,38,18,4.07,few clouds
139,139,139,Lithakia,GR,37.7167,20.8333,74.48,78,20,0.0,few clouds
140,140,140,Careiro Da Varzea,BR,-3.2003,-59.8119,83.01,55,89,1.5,overcast clouds
141,141,141,Provideniya,RU,64.3833,-173.3,51.91,93,75,18.01,fog
142,142,142,San Carlos Del Zulia,VE,9.0,-71.9135,78.67,70,46,3.56,scattered clouds
143,143,143,Longyearbyen,SJ,78.2186,15.6401,44.44,70,75,14.97,broken clouds
144,144,144,Nanortalik,GL,60.1432,-45.2371,43.77,91,20,6.6,few clouds
145,145,145,Isiro,CD,2.7739,27.616,64.42,99,100,2.21,overcast clouds
146,146,146,Mount Gambier,AU,-37.8333,140.7667,53.51,82,100,9.22,overcast clouds
147,147,147,Songkhla,TH,6.8333,100.6667,84.25,76,96,4.16,overcast clouds
148,148,148,Trat,TH,12.5,102.5,86.88,81,100,7.96,overcast clouds
149,149,149,Sitka,US,57.0531,-135.33,64.29,77,75,0.0,broken clouds
150,150,150,Derzhavinsk,KZ,51.1,66.3167,72.54,49,21,4.9,few clouds
151,151,151,Daru,PG,-9.0763,143.2092,80.06,75,77,13.15,broken clouds
152,152,152,Saint Anthony,US,45.0205,-93.218,75.83,57,0,6.91,clear sky
153,153,153,Kaitangata,NZ,-46.2817,169.8464,48.22,63,100,5.66,overcast clouds
154,154,154,Moratuwa,LK,6.773,79.8816,80.08,86,19,7.87,light rain
155,155,155,Antalaha,MG,-14.9003,50.2788,66.69,88,90,8.5,light rain
156,156,156,Ryotsu,JP,38.0833,138.4333,81.99,79,100,9.01,overcast clouds
157,157,157,Kapaa,US,22.0752,-159.319,84.18,74,40,14.97,scattered clouds
158,158,158,Qaqortoq,GL,60.7167,-46.0333,44.29,91,23,3.74,few clouds
159,159,159,Tiquisate,GT,14.2833,-91.3667,76.23,89,98,3.13,overcast clouds
160,160,160,Shache,CN,38.4167,77.2406,82.31,36,98,10.67,overcast clouds
161,161,161,Masty,BY,53.4122,24.5387,58.26,91,0,7.07,clear sky
162,162,162,Seydi,TM,39.4816,62.9137,75.72,32,0,12.17,clear sky
163,163,163,Valparaiso,CL,-33.0393,-71.6273,53.47,100,100,0.0,overcast clouds
164,164,164,Ponta Delgada,PT,37.7333,-25.6667,76.5,78,20,8.05,few clouds
165,165,165,Pestravka,RU,52.405,49.9583,62.83,76,0,8.59,clear sky
166,166,166,Flin Flon,CA,54.7682,-101.865,66.36,79,88,12.01,overcast clouds
167,167,167,Novikovo,RU,51.1537,37.8879,68.32,72,23,11.1,few clouds
168,168,168,San Luis,AR,-33.295,-66.3356,52.2,48,4,5.93,clear sky
169,169,169,Nhulunbuy,AU,-12.2333,136.7667,84.81,54,20,14.97,few clouds
170,170,170,Kenai,US,60.5544,-151.2583,62.69,96,100,14.97,light rain
171,171,171,La Ronge,CA,55.1001,-105.2842,79.05,47,49,4.61,scattered clouds
172,172,172,Lavrentiya,RU,65.5833,-171.0,44.22,92,100,6.13,overcast clouds
173,173,173,Salamanca,ES,40.8333,-6.0,75.61,33,0,3.22,clear sky
174,174,174,Itoman,JP,26.1247,127.6694,89.62,74,75,5.75,broken clouds
175,175,175,Bintulu,MY,3.1667,113.0333,86.41,84,40,4.61,scattered clouds
176,176,176,Georgetown,MY,5.4112,100.3354,87.73,84,20,5.75,few clouds
177,177,177,Vila Velha,BR,-20.3297,-40.2925,71.55,74,0,12.66,clear sky
178,178,178,Rome,US,34.257,-85.1647,78.01,92,100,3.31,overcast clouds
179,179,179,Neiafu,TO,-18.65,-173.9833,77.68,88,75,4.61,broken clouds
180,180,180,Polis,CY,35.0367,32.4264,73.22,81,0,6.22,clear sky
181,181,181,Hammerfest,NO,70.6634,23.6821,50.45,81,100,32.21,light intensity drizzle
182,182,182,Souillac,MU,-20.5167,57.5167,66.58,82,40,12.66,light rain
183,183,183,Waiouru,NZ,-39.4833,175.6667,43.74,48,8,6.71,clear sky
184,184,184,Ormara,PK,25.2088,64.6357,87.13,69,94,9.84,overcast clouds
185,185,185,Mehamn,NO,71.0357,27.8492,51.75,82,100,28.77,light rain
186,186,186,Sinjar,IQ,36.3209,41.8754,80.83,55,0,9.86,clear sky
187,187,187,Rodney,CA,42.5668,-81.6831,58.86,74,0,11.72,clear sky
188,188,188,Hami,CN,42.8,93.45,92.57,22,98,7.49,overcast clouds
189,189,189,Port Macquarie,AU,-31.4333,152.9167,57.88,74,100,4.27,overcast clouds
190,190,190,Amapa,BR,1.0,-52.0,73.02,91,100,3.02,overcast clouds
191,191,191,Tsiroanomandidy,MG,-18.7667,46.0333,54.39,71,0,3.02,clear sky
192,192,192,Ende,ID,-8.8432,121.6623,84.65,68,21,1.66,few clouds
193,193,193,Puerto Ayacucho,VE,5.6639,-67.6236,75.34,91,99,3.65,overcast clouds
194,194,194,Poya,NC,-21.35,165.15,74.68,48,0,9.1,clear sky
195,195,195,Ixtapa,MX,20.7,-105.2,83.43,74,100,2.3,overcast clouds
196,196,196,Waingapu,ID,-9.6567,120.2641,84.18,66,26,14.03,scattered clouds
197,197,197,Aloleng,PH,16.1307,119.7824,83.26,73,57,2.53,broken clouds
198,198,198,Wairoa,NZ,-39.0333,177.3667,50.56,79,99,10.0,overcast clouds
199,199,199,Castro,BR,-24.7911,-50.0119,44.65,96,2,4.05,clear sky
200,200,200,Tiksi,RU,71.6872,128.8694,39.87,88,100,8.43,overcast clouds
201,201,201,Wittstock,DE,53.1612,12.4829,59.9,64,8,4.74,clear sky
202,202,202,Cap-Chat,CA,49.1001,-66.6821,62.6,94,82,10.36,broken clouds
203,203,203,Mangrol,IN,21.1167,70.1167,81.39,91,100,24.27,overcast clouds
204,204,204,Vodnyy,RU,63.5046,53.4095,58.96,73,100,9.71,overcast clouds
205,205,205,Hilo,US,19.7297,-155.09,88.29,76,40,11.5,scattered clouds
206,206,206,Puerto Carreno,CO,6.189,-67.4859,77.45,86,98,3.6,overcast clouds
207,207,207,Tadine,NC,-21.55,167.8833,71.38,56,15,18.14,few clouds
208,208,208,Shediac,CA,46.2198,-64.5411,68.52,83,75,6.91,broken clouds
209,209,209,Palana,RU,59.1167,159.9667,52.27,93,100,5.97,overcast clouds
210,210,210,Half Moon Bay,US,37.4636,-122.4286,75.6,73,40,26.46,scattered clouds
211,211,211,Fortuna,US,40.5982,-124.1573,66.92,78,100,9.22,overcast clouds
212,212,212,Aripuana,BR,-9.1667,-60.6333,73.85,56,4,1.68,clear sky
213,213,213,Baherden,TM,38.4362,57.4316,79.3,28,0,5.95,clear sky
214,214,214,Moron,AR,-34.6534,-58.6198,57.96,71,3,7.49,clear sky
215,215,215,Seymchan,RU,62.8833,152.4333,63.46,74,100,4.92,light rain
216,216,216,Fuling,CN,29.7022,107.3919,92.44,52,5,2.73,clear sky
217,217,217,Mujiayingzi,CN,42.1167,118.7833,75.7,60,82,2.1,broken clouds
218,218,218,Fallon,US,39.4735,-118.7774,93.07,18,40,5.75,scattered clouds
219,219,219,Huarmey,PE,-10.0681,-78.1522,62.38,85,33,8.97,scattered clouds
220,220,220,Touros,BR,-5.1989,-35.4608,74.21,86,43,9.35,scattered clouds
221,221,221,Chuy,UY,-33.6971,-53.4616,51.26,90,22,6.13,few clouds
222,222,222,Soyo,AO,-6.1349,12.3689,67.93,93,19,6.26,few clouds
223,223,223,Canutama,BR,-6.5339,-64.3831,75.7,66,72,3.24,broken clouds
224,224,224,Dakar,SN,14.6937,-17.4441,81.48,75,100,10.51,overcast clouds
225,225,225,Mackay,AU,-21.15,149.2,73.69,66,52,7.76,broken clouds
226,226,226,Hohhot,CN,40.8106,111.6522,82.69,61,0,4.47,clear sky
227,227,227,Santa Maria Del Oro,MX,25.9333,-105.3667,74.93,44,66,4.18,broken clouds
228,228,228,Tyukalinsk,RU,55.8732,72.1967,66.45,68,10,3.4,clear sky
229,229,229,Poum,NC,-20.2333,164.0167,71.83,57,25,8.57,scattered clouds
230,230,230,Lincoln,US,40.8,-96.667,84.29,57,0,4.61,clear sky
231,231,231,Lisakovsk,KZ,52.5369,62.4936,64.18,82,98,13.29,overcast clouds
232,232,232,Upernavik,GL,72.7868,-56.1549,41.45,83,99,9.26,overcast clouds
233,233,233,Salinopolis,BR,-0.6136,-47.3561,78.66,82,55,11.45,broken clouds
234,234,234,Cabo San Lucas,MX,22.8909,-109.9124,88.9,58,20,8.05,few clouds
235,235,235,Khirkiya,IN,22.1674,76.8605,76.05,91,100,9.62,overcast clouds
236,236,236,Damghan,IR,36.1683,54.348,71.46,29,0,0.69,clear sky
237,237,237,Anadyr,RU,64.75,177.4833,63.1,59,20,4.47,light rain
238,238,238,Oyon,PE,-10.6681,-76.7731,46.29,75,41,0.74,scattered clouds
239,239,239,Gallup,US,35.5281,-108.7426,70.56,78,0,0.0,clear sky
240,240,240,Mobaye,CF,4.319,21.1786,69.62,99,100,2.98,moderate rain
241,241,241,Ulety,RU,51.3572,112.4849,66.25,57,36,8.97,scattered clouds
242,242,242,Kavieng,PG,-2.5744,150.7967,83.34,71,100,11.23,light rain
243,243,243,Jumla,NP,29.2747,82.1838,69.04,72,7,0.98,clear sky
244,244,244,Saint George,US,37.1041,-113.5841,87.64,45,0,9.22,clear sky
245,245,245,Pisco,PE,-13.7,-76.2167,59.05,88,20,1.14,few clouds
246,246,246,Yarmouth,US,41.7057,-70.2286,70.99,93,20,3.44,few clouds
247,247,247,Dunmore East,IE,52.1514,-6.9861,66.69,67,13,9.17,few clouds
248,248,248,Timra,SE,62.487,17.3257,61.68,94,100,10.36,light intensity drizzle
249,249,249,Mpika,ZM,-11.8343,31.4529,52.3,70,48,4.68,scattered clouds
250,250,250,Portland,US,45.5234,-122.6762,86.99,43,0,6.91,clear sky
251,251,251,Fredericksburg,US,38.3032,-77.4605,73.35,81,0,0.0,clear sky
252,252,252,Arlit,NE,18.7369,7.3853,94.66,13,9,7.87,clear sky
253,253,253,Nome,US,64.5011,-165.4064,51.87,82,100,9.22,overcast clouds
254,254,254,Mauldin,US,34.7787,-82.3101,77.05,89,100,3.44,overcast clouds
255,255,255,Yakeshi,CN,49.2833,120.7333,68.99,50,89,9.19,overcast clouds
256,256,256,Pedreiras,BR,-4.5688,-44.6003,78.19,70,61,4.05,broken clouds
257,257,257,Chokurdakh,RU,70.6333,147.9167,55.9,48,62,8.46,broken clouds
258,258,258,Fort Nelson,CA,58.8053,-122.7002,63.99,68,75,3.44,broken clouds
259,259,259,Karasjok,NO,69.4719,25.5112,48.74,78,100,17.92,overcast clouds
260,260,260,Hovd,MN,48.0056,91.6419,71.37,36,1,1.54,clear sky
261,261,261,Ketchikan,US,55.3422,-131.6461,64.87,72,0,12.66,clear sky
262,262,262,Harper,LR,4.375,-7.7169,75.33,80,100,9.44,overcast clouds
263,263,263,Satkhira,BD,22.7167,89.1,81.32,84,75,3.87,broken clouds
264,264,264,Itarema,BR,-2.9248,-39.9167,76.84,86,64,13.33,broken clouds
265,265,265,Brae,GB,60.3964,-1.353,52.2,83,100,5.17,overcast clouds
266,266,266,Poronaysk,RU,49.2167,143.1167,64.29,94,93,10.27,light rain
267,267,267,Sao Joao Da Barra,BR,-21.6403,-41.0511,66.51,79,1,16.73,clear sky
268,268,268,Tura,IN,25.5198,90.2201,79.18,79,23,5.08,few clouds
269,269,269,New Norfolk,AU,-42.7826,147.0587,56.71,77,96,1.01,overcast clouds
270,270,270,Tiznit,MA,29.5833,-9.5,78.24,50,64,0.67,broken clouds
271,271,271,Maningrida,AU,-12.0667,134.2667,85.73,37,4,9.48,clear sky
272,272,272,Tirumullaivasal,IN,11.2333,79.8333,82.58,64,100,8.48,overcast clouds
273,273,273,Ouallam,NE,14.3188,2.0866,80.1,66,100,11.21,overcast clouds
274,274,274,Karaton,ID,-6.3424,106.1045,83.71,71,23,1.32,few clouds
275,275,275,Vestmanna,FO,62.1564,-7.1664,50.92,87,75,8.05,broken clouds
276,276,276,Hit,IQ,33.6416,42.8251,86.32,31,0,13.91,clear sky
277,277,277,Mandalgovi,MN,45.7625,106.2708,64.96,50,98,10.0,overcast clouds
278,278,278,Krasnoborsk,RU,61.5598,45.934,58.93,75,99,9.64,overcast clouds
279,279,279,Apatou,GF,5.155,-54.3472,74.07,97,72,2.21,broken clouds
280,280,280,Thinadhoo,MV,0.5333,72.9333,82.36,73,63,9.22,light rain
281,281,281,Hamilton,US,39.1834,-84.5333,74.03,89,20,9.22,few clouds
282,282,282,Leh,IN,34.1667,77.5833,55.36,82,100,3.15,moderate rain
283,283,283,Sioux Lookout,CA,50.1001,-91.917,53.67,94,75,0.0,broken clouds
284,284,284,Bathsheba,BB,13.2167,-59.5167,81.21,89,40,9.22,scattered clouds
285,285,285,Saskylakh,RU,71.9167,114.0833,46.31,57,100,8.86,overcast clouds
286,286,286,Inongo,CD,-1.95,18.2667,69.24,59,34,4.21,scattered clouds
287,287,287,Okhotsk,RU,59.3833,143.3,59.95,88,99,5.35,light rain
288,288,288,Vestmannaeyjar,IS,63.4427,-20.2734,52.52,91,100,19.13,overcast clouds
289,289,289,Phanat Nikhom,TH,13.4458,101.1844,86.09,80,100,6.85,light rain
290,290,290,Shenjiamen,CN,29.9576,122.298,84.27,81,100,14.32,overcast clouds
291,291,291,Broome,US,42.2506,-75.833,64.98,84,0,1.01,clear sky
292,292,292,Tual,ID,-5.6667,132.75,79.36,83,47,16.6,scattered clouds
293,293,293,Saint-Pierre,RE,-21.3393,55.4781,66.9,70,40,5.75,scattered clouds
294,294,294,Evensk,RU,61.95,159.2333,56.64,89,100,8.39,overcast clouds
295,295,295,Srem,PL,52.0887,17.0151,60.85,66,25,6.2,scattered clouds
296,296,296,Zhenjiang,CN,32.2092,119.4342,95.31,52,52,6.11,broken clouds
297,297,297,Biak,ID,-0.9131,122.8766,81.64,73,89,2.46,overcast clouds
298,298,298,Saint-Joseph,RE,-21.3667,55.6167,62.98,79,33,13.65,light rain
299,299,299,Wahiawa,US,21.5028,-158.0236,86.32,60,75,13.8,broken clouds
300,300,300,Launceston,AU,-41.45,147.1667,55.04,84,100,1.14,moderate rain
301,301,301,Kuching,MY,1.55,110.3333,80.82,89,40,4.61,thunderstorm with light rain
302,302,302,Bowen,AU,-20.0167,148.2333,72.57,64,93,11.1,overcast clouds
303,303,303,Laguna,US,38.421,-121.4238,93.31,41,0,13.8,clear sky
304,304,304,Bambous Virieux,MU,-20.3428,57.7575,66.45,82,40,12.66,light rain
305,305,305,Cochabamba,BO,-17.3895,-66.1568,62.2,13,0,6.91,clear sky
306,306,306,Iskateley,RU,67.6803,53.1512,53.92,94,46,9.66,scattered clouds
307,307,307,Krasnoselkup,RU,65.7,82.4667,56.73,55,99,6.29,overcast clouds
308,308,308,Lae,PG,-6.7221,146.9847,81.27,71,100,7.99,light rain
309,309,309,Chapais,CA,49.7834,-74.8492,49.78,98,100,7.81,overcast clouds
310,310,310,Wewak,PG,-3.5534,143.6268,78.33,89,100,8.68,light rain
311,311,311,Marrakesh,MA,31.6315,-8.0083,80.67,50,0,3.44,clear sky
312,312,312,Vila Franca Do Campo,PT,37.7167,-25.4333,76.19,90,84,8.43,light rain
313,313,313,Le Mans,FR,48.0,0.2,66.13,52,0,2.3,clear sky
314,314,314,Fenoarivo,MG,-18.933,47.4354,53.67,87,75,8.05,broken clouds
315,315,315,Clarence Town,AU,-32.5833,151.7833,58.86,93,100,0.87,light rain
316,316,316,Isangel,VU,-19.55,169.2667,74.66,54,57,16.51,broken clouds
317,317,317,Hukuntsi,BW,-24.0,21.75,58.28,24,0,11.41,clear sky
318,318,318,Chicama,PE,-7.8447,-79.1469,59.54,79,73,6.91,broken clouds
319,319,319,Kutum,SD,14.2,24.6667,75.18,67,100,9.89,overcast clouds
320,320,320,Bonavista,CA,48.6499,-53.1147,57.63,91,100,10.49,overcast clouds
321,321,321,Chandbali,IN,20.7833,86.7667,79.23,85,99,7.18,moderate rain
322,322,322,Funadhoo,MV,6.15,73.2667,81.5,81,36,11.95,scattered clouds
323,323,323,Rahuri,IN,19.3833,74.65,74.8,84,73,23.29,broken clouds
324,324,324,Venado Tuerto,AR,-33.7456,-61.9688,50.77,82,0,8.5,clear sky
325,325,325,Senanga,ZM,-16.1167,23.2667,57.11,41,4,5.73,clear sky
326,326,326,Pangody,RU,65.85,74.4859,58.12,55,100,13.82,overcast clouds
327,327,327,Katobu,ID,-4.9408,122.5276,83.61,72,23,5.01,few clouds
328,328,328,Hermsdorf,DE,50.9,11.8667,56.53,60,0,3.69,clear sky
329,329,329,Eureka,US,40.8021,-124.1637,68.67,79,4,5.99,clear sky
330,330,330,Beyneu,KZ,45.3167,55.2,80.74,25,0,3.8,clear sky
331,331,331,Iqaluit,CA,63.7506,-68.5145,47.93,76,20,5.75,few clouds
332,332,332,Sobolevo,RU,54.4299,31.8996,55.11,76,0,6.35,clear sky
333,333,333,Torbay,CA,47.6666,-52.7314,58.26,95,100,6.91,overcast clouds
334,334,334,Yurimaguas,PE,-5.9,-76.0833,74.43,77,43,1.34,scattered clouds
335,335,335,Sibu,MY,2.3,111.8167,82.71,83,40,5.75,scattered clouds
336,336,336,Marsh Harbour,BS,26.5412,-77.0636,82.47,71,2,11.5,clear sky
337,337,337,Baruun-Urt,MN,46.6806,113.2792,69.75,55,77,7.9,broken clouds
338,338,338,Honningsvag,NO,70.9821,25.9704,49.75,87,100,37.98,moderate rain
339,339,339,Jasper,US,37.2001,-94.3502,78.89,59,0,3.44,clear sky
340,340,340,Lagos,NG,6.5833,3.75,75.52,89,100,5.46,overcast clouds
341,341,341,Igbo Ora,NG,7.4333,3.2833,71.51,93,100,3.58,overcast clouds
342,342,342,Harbour Breton,CA,47.4833,-55.7983,58.77,92,100,6.29,overcast clouds
343,343,343,Ilava,SK,48.9977,18.2353,57.63,84,16,4.97,few clouds
344,344,344,Pangnirtung,CA,66.1451,-65.7125,49.42,71,33,2.42,scattered clouds
345,345,345,Hasaki,JP,35.7333,140.8333,91.29,74,27,24.76,scattered clouds
346,346,346,Huilong,CN,31.8111,121.655,89.62,69,89,5.82,overcast clouds
347,347,347,Ladovskaya Balka,RU,45.6297,41.4023,72.57,59,66,9.15,broken clouds
348,348,348,Oussouye,SN,12.485,-16.5469,78.96,84,100,6.22,light rain
349,349,349,Baghdad,IQ,33.3406,44.4009,85.91,35,0,17.27,clear sky
350,350,350,Rorvik,NO,64.8621,11.2373,53.44,77,40,15.73,scattered clouds
351,351,351,Naze,JP,28.3667,129.4833,86.92,70,68,2.89,broken clouds
352,352,352,Miri,MY,4.4148,114.0089,89.74,74,40,6.91,scattered clouds
353,353,353,Eslov,SE,55.8393,13.3039,60.03,92,0,2.33,clear sky
354,354,354,Shingu,JP,33.7333,135.9833,82.31,86,99,3.98,overcast clouds
355,355,355,Aksarka,RU,66.5606,67.7975,55.02,94,100,11.88,overcast clouds
356,356,356,Santa Maria,BR,-29.6842,-53.8069,49.3,100,0,4.61,clear sky
357,357,357,Charters Towers,AU,-20.1,146.2667,74.97,44,0,9.24,clear sky
358,358,358,Olafsvik,IS,64.8945,-23.7142,49.59,91,100,6.82,overcast clouds
359,359,359,Sisimiut,GL,66.9395,-53.6735,40.57,91,46,5.99,scattered clouds
360,360,360,Ust-Donetskiy,RU,47.6419,40.8718,77.43,39,100,12.28,overcast clouds
361,361,361,Hofn,IS,64.2539,-15.2082,50.67,86,85,5.53,overcast clouds
362,362,362,Palu,ID,-0.8917,119.8707,87.67,66,97,1.72,overcast clouds
363,363,363,Bantou,CN,26.2151,117.4893,93.69,51,3,2.24,clear sky
364,364,364,Huanren,CN,41.2647,125.3667,80.67,58,57,1.79,broken clouds
365,365,365,Mgandu,TZ,-5.95,34.1333,57.04,73,82,8.14,broken clouds
366,366,366,Anchorage,US,61.2181,-149.9003,64.65,84,100,6.91,light rain
367,367,367,Calatayud,ES,41.3535,-1.6432,78.19,39,0,2.89,clear sky
368,368,368,Blind River,CA,46.1834,-82.9582,64.51,64,0,8.37,clear sky
369,369,369,Ostrovnoy,RU,68.0531,39.5131,50.79,83,21,16.8,few clouds
370,370,370,Lamar,US,33.6668,-95.5836,86.99,58,40,11.5,scattered clouds
371,371,371,Bani,DO,18.2833,-70.3333,80.85,80,20,9.19,few clouds
372,372,372,Wanning,CN,18.8003,110.3967,83.57,82,100,9.1,light rain
373,373,373,Luangwa,ZM,-15.6167,30.4167,58.66,64,0,1.86,clear sky
374,374,374,Champerico,GT,14.3,-91.9167,81.81,73,95,4.29,overcast clouds
375,375,375,Puerto Escondido,MX,15.85,-97.0667,79.63,69,75,4.61,broken clouds
376,376,376,Samarai,PG,-10.6167,150.6667,78.69,84,99,16.98,overcast clouds
377,377,377,Saint Charles,US,38.7667,-90.7335,79.09,79,0,1.01,clear sky
378,378,378,Phangnga,TH,8.4509,98.5298,86.04,73,88,4.83,overcast clouds
379,379,379,Port Hardy,CA,50.6996,-127.4199,68.18,68,20,8.05,few clouds
380,380,380,Pacific Grove,US,36.6177,-121.9166,77.2,77,20,9.22,few clouds
381,381,381,Labuhan,ID,-6.8844,112.2051,83.57,72,16,5.17,few clouds
382,382,382,Alugan,PH,12.2188,125.4808,84.31,72,100,4.07,overcast clouds
383,383,383,Bouza,NE,14.4229,6.0428,74.66,64,49,11.12,scattered clouds
384,384,384,San Andres,CO,12.5847,-81.7006,82.42,83,75,9.22,broken clouds
385,385,385,Saquarema,BR,-22.92,-42.5103,65.17,82,24,7.99,few clouds
386,386,386,Griffith,US,41.5284,-87.4237,71.53,70,0,11.5,clear sky
387,387,387,Nurota,UZ,40.5614,65.6886,70.52,38,0,10.54,clear sky
388,388,388,Susangerd,IR,31.5608,48.1831,94.96,20,0,13.33,clear sky
389,389,389,Dicabisagan,PH,17.0818,122.4157,86.29,66,96,2.1,overcast clouds
390,390,390,Kapiri Mposhi,ZM,-13.9652,28.6809,54.46,55,5,5.35,clear sky
391,391,391,Wharton,US,29.3116,-96.1027,84.97,92,0,10.36,clear sky
392,392,392,Nantucket,US,41.2835,-70.0995,70.02,72,0,3.44,clear sky
393,393,393,Smolensk,RU,55.0,33.0,54.18,76,0,3.76,clear sky
394,394,394,Nanton,CA,50.3501,-113.7687,81.81,60,48,25.32,scattered clouds
395,395,395,Lasa,IT,46.6166,10.7002,63.48,91,58,2.84,broken clouds
396,396,396,Gap,FR,44.6667,6.0,50.83,76,58,3.38,broken clouds
397,397,397,Guerrero Negro,MX,27.9769,-114.0611,73.65,77,6,18.75,clear sky
398,398,398,Igarka,RU,67.4667,86.5833,52.52,64,100,5.37,overcast clouds
399,399,399,Vostok,RU,46.4856,135.8833,64.18,85,15,5.23,few clouds
400,400,400,Clyde River,CA,70.4692,-68.5914,50.23,71,75,3.44,broken clouds
401,401,401,Lorengau,PG,-2.0226,147.2712,81.84,78,100,3.96,light rain
402,402,402,Hambantota,LK,6.1241,81.1185,80.94,94,20,8.05,few clouds
403,403,403,Nuoro,IT,40.3211,9.3297,65.28,74,0,2.26,clear sky
404,404,404,Muros,ES,42.7762,-9.0603,61.84,93,0,2.86,clear sky
405,405,405,Saint-Francois,FR,46.4154,3.9054,58.68,77,0,2.3,clear sky
406,406,406,Jacareacanga,BR,-6.2222,-57.7528,79.14,52,58,1.48,broken clouds
407,407,407,Motygino,RU,58.1831,94.7592,60.4,62,0,5.91,clear sky
408,408,408,Hay River,CA,60.8156,-115.7999,62.58,51,40,5.75,scattered clouds
409,409,409,Cidreira,BR,-30.1811,-50.2056,59.54,86,0,11.52,clear sky
410,410,410,Rantepao,ID,-2.9701,119.8978,78.87,64,94,2.33,overcast clouds
411,411,411,Fuxin,CN,42.0156,121.6589,80.4,65,100,2.55,overcast clouds
412,412,412,Visby,SE,57.6409,18.296,62.82,94,3,5.75,clear sky
413,413,413,Chara,RU,56.9064,118.2631,63.21,61,100,1.39,overcast clouds
414,414,414,Lagunas,PE,-5.2269,-75.6753,72.18,88,12,2.89,few clouds
415,415,415,Crotone,IT,39.0851,17.1178,73.18,71,8,5.41,clear sky
416,416,416,Kanakapura,IN,12.55,77.4167,70.7,84,89,11.14,overcast clouds
417,417,417,Namatanai,PG,-3.6667,152.4333,84.33,67,96,10.74,light rain
418,418,418,Paamiut,GL,61.994,-49.6678,42.78,91,0,1.54,clear sky
419,419,419,Verkhnevilyuysk,RU,63.4453,120.3167,62.98,75,98,5.08,overcast clouds
420,420,420,Devin,BG,41.7433,24.4,61.41,87,100,1.48,overcast clouds
421,421,421,Sarkand,KZ,45.41,79.9186,75.04,38,100,2.59,overcast clouds
422,422,422,Tynda,RU,55.1667,124.7167,54.72,97,100,2.46,light rain
423,423,423,Arivonimamo,MG,-19.0167,47.1833,51.85,86,30,9.95,scattered clouds
424,424,424,Benguela,AO,-12.5763,13.4055,68.32,84,100,4.65,overcast clouds
425,425,425,Camacha,PT,33.0833,-16.3333,65.62,77,20,5.75,few clouds
426,426,426,New Waterford,US,40.8451,-80.6145,65.25,76,0,1.01,clear sky
427,427,427,Pitimbu,BR,-7.4706,-34.8086,75.79,82,8,4.7,clear sky
428,428,428,Pontian Kecil,MY,1.4801,103.3899,86.32,75,21,4.97,few clouds
429,429,429,San Miguel El Alto,MX,21.0167,-102.35,67.8,55,100,5.57,overcast clouds
430,430,430,Kang,BW,-23.6752,22.7876,57.76,26,0,8.66,clear sky
431,431,431,Rocha,UY,-34.4833,-54.3333,46.81,93,0,5.99,clear sky
432,432,432,Coahuayana,MX,18.7333,-103.6833,79.07,89,100,1.57,overcast clouds
433,433,433,Havre-Saint-Pierre,CA,50.2334,-63.5986,61.16,100,100,5.75,overcast clouds
434,434,434,Waterloo,CA,43.4668,-80.5164,60.73,58,0,4.61,clear sky
435,435,435,Shawnee,US,39.05,-95.7669,80.64,71,0,0.0,clear sky
436,436,436,Northam,GB,51.0333,-4.2167,66.38,53,0,5.91,clear sky
437,437,437,Jalu,LY,29.0331,21.5482,79.45,40,0,8.3,clear sky
438,438,438,Koutsouras,GR,35.0339,25.9469,79.11,56,0,13.09,clear sky
439,439,439,Mandera,KE,3.9366,41.867,73.65,60,62,13.33,broken clouds
440,440,440,Shelburne,CA,44.0787,-80.2041,56.59,73,0,8.34,clear sky
441,441,441,Dekar,BW,-21.5333,21.9333,59.23,22,0,8.01,clear sky
442,442,442,Tokmak,UA,47.2514,35.7058,70.95,73,100,13.33,overcast clouds
443,443,443,Narsaq,GL,60.9167,-46.05,46.62,81,11,3.49,few clouds
444,444,444,Ribeira Brava,PT,32.65,-17.0667,70.43,78,24,1.34,few clouds
445,445,445,Sola,VU,-13.8833,167.55,77.92,70,93,24.36,overcast clouds
446,446,446,Zarautz,ES,43.2844,-2.1699,75.45,84,6,2.71,clear sky
447,447,447,Khelyulya,RU,61.7333,30.6833,56.55,86,43,5.01,scattered clouds
448,448,448,Adana,TR,36.985,35.2881,81.12,89,40,3.44,scattered clouds
449,449,449,Gravelbourg,CA,49.8834,-106.5512,70.07,50,27,12.95,scattered clouds
450,450,450,Whitecourt,CA,54.1502,-115.6855,76.24,43,75,9.22,broken clouds
451,451,451,Tselinnoye,RU,53.0833,85.6667,64.49,81,50,4.79,light rain
452,452,452,Acaponeta,MX,22.4964,-105.3594,80.56,84,73,3.09,broken clouds
453,453,453,Plettenberg Bay,ZA,-34.0527,23.3716,57.25,84,100,5.53,overcast clouds
454,454,454,Mitchell,US,43.7094,-98.0298,81.1,78,0,17.27,clear sky
455,455,455,Sabha,LY,27.0377,14.4283,81.55,28,0,11.27,clear sky
456,456,456,North Bay,CA,46.3168,-79.4663,60.94,71,0,3.44,clear sky
457,457,457,Bolshevik,BY,54.0065,27.5692,60.42,77,0,6.62,clear sky
458,458,458,Constitucion,CL,-35.3333,-72.4167,47.43,87,0,3.2,clear sky
459,459,459,Peniche,PT,39.3558,-9.3811,66.29,96,0,3.74,clear sky
460,460,460,Caibarien,CU,22.5206,-79.4669,79.92,77,12,13.53,few clouds
461,461,461,Vanino,RU,49.0869,140.2543,61.54,91,100,2.39,overcast clouds
462,462,462,Sur,OM,22.5667,59.5289,89.24,57,100,4.52,overcast clouds
463,463,463,Ust-Shonosha,RU,61.1531,41.343,59.0,74,95,9.62,overcast clouds
464,464,464,Dargaville,NZ,-35.9333,173.8833,54.77,58,7,12.37,clear sky
465,465,465,Zubtsov,RU,56.1753,34.5894,54.57,77,4,2.82,clear sky
466,466,466,Campbell River,CA,50.0163,-125.2446,77.38,44,20,3.44,few clouds
467,467,467,Umm Bab,QA,25.2142,50.8072,93.58,46,6,12.95,clear sky
468,468,468,Westport,US,41.1415,-73.3579,77.27,84,0,6.91,clear sky
469,469,469,Karpogory,RU,64.0019,44.4451,59.07,94,72,10.2,broken clouds
470,470,470,Bairiki,KI,1.3292,172.9752,86.0,74,20,9.22,few clouds
471,471,471,Lewistown,US,40.5992,-77.5714,74.8,43,0,8.05,clear sky
472,472,472,Camana,PE,-16.6228,-72.7111,61.32,79,36,6.64,scattered clouds
473,473,473,Gizo,SB,-8.103,156.8419,82.94,72,100,6.31,light rain
474,474,474,Klaksvik,FO,62.2266,-6.589,52.72,88,33,11.65,scattered clouds
475,475,475,Nakama,JP,33.8167,130.7,89.46,79,99,5.01,overcast clouds
476,476,476,Katsuura,JP,35.1333,140.3,84.63,76,10,20.04,clear sky
477,477,477,Kongolo,CD,-5.3833,27.0,73.38,44,100,3.44,overcast clouds
478,478,478,Nilopolis,BR,-22.8075,-43.4139,67.68,88,100,4.61,overcast clouds
479,479,479,Portel,BR,-1.9356,-50.8211,75.6,84,43,2.17,scattered clouds
480,480,480,Asyut,EG,27.181,31.1837,82.04,29,3,7.34,clear sky
481,481,481,Twentynine Palms,US,34.1356,-116.0542,100.54,25,50,8.01,scattered clouds
482,482,482,Bandarbeyla,SO,9.4942,50.8122,77.67,69,89,27.16,overcast clouds
483,483,483,Vallenar,CL,-28.5708,-70.7581,56.73,74,100,1.3,overcast clouds
484,484,484,Salalah,OM,17.0151,54.0924,75.29,100,100,4.61,light intensity drizzle
485,485,485,San Patricio,US,28.017,-97.5169,86.09,78,100,3.47,overcast clouds
486,486,486,Vao,NC,-22.6667,167.4833,68.68,59,8,20.62,clear sky
487,487,487,Luderitz,,-26.6481,15.1594,54.66,90,7,8.52,clear sky
488,488,488,Pangai,TO,-19.8,-174.35,80.71,65,40,8.05,scattered clouds
489,489,489,Makarov,RU,48.6333,142.8,65.41,88,89,4.99,overcast clouds
490,490,490,Bom Jesus Da Lapa,BR,-13.255,-43.4181,75.79,35,0,6.46,clear sky
491,491,491,Uberlandia,BR,-18.9186,-48.2772,56.41,67,0,8.05,clear sky
492,492,492,Novobirilyussy,RU,56.9514,90.6661,64.35,52,59,5.48,broken clouds
493,493,493,Vilhena,BR,-12.7406,-60.1458,63.61,69,0,2.19,clear sky
494,494,494,Duobao,CN,30.67,112.6895,92.7,59,10,15.75,clear sky
495,495,495,Bichura,RU,50.5881,107.6022,71.73,45,10,8.48,clear sky
496,496,496,Padang,ID,-0.9492,100.3543,84.25,74,36,3.18,scattered clouds
497,497,497,Mbala,ZM,-8.8402,31.3659,55.2,65,18,9.66,few clouds
498,498,498,Masallatah,LY,32.6167,14.0,73.9,78,0,5.01,clear sky
499,499,499,Magdagachi,RU,53.45,125.8,61.2,74,100,2.55,overcast clouds
500,500,500,Asau,RO,46.4333,26.4,58.28,78,1,4.88,clear sky
501,501,501,Batagay-Alyta,RU,67.8006,130.4114,51.24,70,100,8.72,overcast clouds
502,502,502,Nushki,PK,29.5542,66.0215,87.04,21,34,4.59,scattered clouds
503,503,503,Mabaruma,GY,8.2,-59.7833,73.35,98,4,2.13,clear sky
504,504,504,Greencastle,US,39.6445,-86.8647,73.26,90,0,5.75,clear sky
505,505,505,North Bend,US,43.4065,-124.2243,68.23,97,20,4.61,few clouds
506,506,506,Suffolk,US,40.8668,-72.7996,76.86,90,0,4.61,clear sky
507,507,507,Caravelas,BR,-17.7125,-39.2481,72.55,71,24,11.5,few clouds
508,508,508,Rochester,US,43.1548,-77.6156,73.31,72,0,6.91,clear sky
509,509,509,Lucapa,AO,-8.4192,20.7447,60.51,28,92,4.81,overcast clouds
510,510,510,Sao Gabriel Da Cachoeira,BR,-0.1303,-67.0892,72.12,96,33,3.11,scattered clouds
511,511,511,Piney Green,US,34.716,-77.3202,82.9,80,75,5.75,broken clouds
512,512,512,Manjeshwar,IN,12.7194,74.8861,77.95,85,44,11.99,scattered clouds
513,513,513,Dom Pedrito,BR,-30.9828,-54.6731,48.58,92,0,6.53,clear sky
514,514,514,Waddan,LY,29.1614,16.139,78.12,34,0,8.9,clear sky
515,515,515,Umm Lajj,SA,25.0213,37.2685,86.05,77,42,6.78,scattered clouds
516,516,516,Maryville,US,35.7565,-83.9705,75.45,96,20,0.0,few clouds
517,517,517,Shuangcheng,CN,45.35,126.2833,74.88,58,7,4.63,clear sky
518,518,518,Numan,NG,9.4667,12.0333,72.21,93,99,7.4,overcast clouds
519,519,519,Birin,NP,26.8865,88.0718,70.21,80,64,3.76,broken clouds
520,520,520,Alofi,NU,-19.0595,-169.9187,82.29,74,84,11.5,broken clouds
521,521,521,Zhanakorgan,KZ,43.9098,67.2495,82.53,28,0,11.12,clear sky
522,522,522,Voi,KE,-3.3945,38.563,64.18,88,91,7.38,overcast clouds
523,523,523,Safranbolu,TR,41.2508,32.6942,63.36,89,62,1.45,broken clouds
524,524,524,Weligama,LK,5.9667,80.4167,80.85,82,36,11.52,scattered clouds
525,525,525,Erzurum,TR,40.0,41.5,62.28,85,0,5.12,clear sky
526,526,526,Aranos,,-24.1333,19.1167,54.93,12,1,6.87,clear sky
527,527,527,Tshikapa,CD,-6.4167,20.8,68.14,26,92,2.71,overcast clouds
528,528,528,Deyang,CN,31.1302,104.382,86.99,69,80,3.94,broken clouds
529,529,529,Yumen,CN,40.2833,97.2,85.51,23,84,18.97,broken clouds
530,530,530,Port Hueneme,US,34.1478,-119.1951,85.26,75,0,14.97,clear sky
531,531,531,Shalya,RU,57.2471,58.7298,56.71,74,18,8.52,few clouds
532,532,532,Pueblo Nuevo,MX,23.3833,-105.3833,56.68,93,100,3.96,overcast clouds
533,533,533,Koroni,GR,36.8,21.95,78.08,65,16,4.29,few clouds
534,534,534,Ulan-Ude,RU,51.8261,107.6098,67.89,52,75,4.47,broken clouds
535,535,535,Kifri,IQ,34.6959,44.9661,88.29,29,0,11.79,clear sky
536,536,536,Kirakira,SB,-10.4544,161.9205,81.43,81,98,8.12,light rain
537,537,537,Arinos,BR,-15.9169,-46.1056,65.17,37,100,1.43,overcast clouds
538,538,538,Asfi,MA,32.2994,-9.2372,70.14,83,0,12.73,clear sky
539,539,539,Paracuru,BR,-3.41,-39.0306,80.11,86,63,12.06,broken clouds
540,540,540,San Lawrenz,MT,36.0553,14.204,76.86,85,0,3.6,clear sky
541,541,541,Haines Junction,CA,60.7522,-137.5108,60.64,78,94,3.96,overcast clouds
542,542,542,Rehoboth,,-23.3167,17.0833,53.87,19,0,3.11,clear sky
543,543,543,Nabire,ID,-3.3667,135.4833,86.77,61,7,4.21,clear sky
544,544,544,Katherine,AU,-14.4667,132.2667,86.32,45,40,12.66,scattered clouds
545,545,545,Yichang,CN,30.7144,111.2847,98.94,46,19,4.34,few clouds
546,546,546,Taoudenni,ML,22.6783,-3.9836,95.09,15,0,6.02,clear sky
547,547,547,Manyana,BW,-23.4,21.7167,54.91,27,0,9.42,clear sky
548,548,548,Takoradi,GH,4.8845,-1.7554,73.72,85,95,6.8,overcast clouds
549,549,549,Mount Isa,AU,-20.7333,139.5,73.17,28,42,9.22,scattered clouds
550,550,550,Ondjiva,AO,-17.0667,15.7333,55.13,20,0,4.76,clear sky
551,551,551,Abu Dhabi,AE,24.4667,54.3667,93.22,79,100,2.3,overcast clouds
552,552,552,Aklavik,CA,68.2191,-135.0107,63.32,50,58,10.67,broken clouds
553,553,553,Vardo,NO,70.3705,31.1107,51.78,82,100,23.02,overcast clouds
554,554,554,Krasnoarmeysk,RU,51.0239,45.6969,66.45,83,6,9.98,clear sky
555,555,555,Le Port,RE,-20.9373,55.2919,66.25,71,5,8.59,clear sky
556,556,556,Kingman,US,35.1894,-114.053,90.88,60,75,8.05,broken clouds
557,557,557,Loa Janan,ID,-0.583,117.095,89.64,60,97,0.85,overcast clouds
558,558,558,Troitsko-Pechorsk,RU,62.7084,56.1964,58.71,75,100,7.4,overcast clouds
559,559,559,Dalby,AU,-27.1833,151.2667,70.99,42,100,3.0,overcast clouds
560,560,560,Koungou,YT,-12.7336,45.2042,74.91,73,20,12.66,few clouds
561,561,561,Bonnyville,CA,54.2668,-110.735,78.6,64,62,6.85,broken clouds
562,562,562,Antofagasta,CL,-23.65,-70.4,56.48,81,13,5.28,few clouds
563,563,563,Whitehorse,CA,60.7161,-135.0538,65.01,73,75,8.01,broken clouds
564,564,564,Mikumi,TZ,-7.4041,36.9831,65.64,82,100,2.57,light rain
565,565,565,Samana,DO,19.2056,-69.3369,79.02,85,17,8.21,few clouds
566,566,566,Mangan,IN,27.5167,88.5333,85.23,68,34,4.65,scattered clouds
567,567,567,Broken Hill,AU,-31.95,141.4333,60.44,44,17,21.88,few clouds
568,568,568,Nishihara,JP,26.1842,127.7558,88.88,77,40,6.91,scattered clouds
569,569,569,Oga,IT,46.4631,10.347,56.08,93,39,2.28,scattered clouds
570,570,570,Kungurtug,RU,50.5994,97.5228,56.86,85,100,2.91,overcast clouds
571,571,571,Port Hedland,AU,-20.3167,118.5667,75.25,23,36,24.16,scattered clouds
572,572,572,Sundargarh,IN,22.1167,84.0333,74.88,98,100,8.46,overcast clouds
573,573,573,Coquimbo,CL,-29.9533,-71.3436,53.33,82,100,4.61,overcast clouds
574,574,574,Yendi,GH,9.4427,-0.0099,74.1,89,100,5.03,overcast clouds
575,575,575,Tuatapere,NZ,-46.1333,167.6833,46.96,73,73,5.01,broken clouds
576,576,576,Okmulgee,US,35.6234,-95.9605,85.86,61,0,7.72,clear sky
577,577,577,Kizukuri,JP,40.8061,140.3861,82.11,85,90,11.14,light rain
578,578,578,Las Guacamayas,MX,18.0167,-102.2167,79.43,85,100,1.52,overcast clouds
579,579,579,Tazovskiy,RU,67.4667,78.7,54.09,64,100,12.06,overcast clouds
580,580,580,Bereda,ES,43.2686,-7.5406,62.58,100,24,0.34,few clouds
581,581,581,Kieta,PG,-6.2167,155.6333,84.36,67,100,4.23,overcast clouds
582,582,582,Yomou,GN,7.5603,-9.2653,69.01,99,100,3.18,overcast clouds
583,583,583,Corinto,GR,37.9407,22.9573,72.9,61,1,2.73,clear sky
584,584,584,Belaya Gora,RU,68.5333,146.4167,60.71,52,98,14.54,overcast clouds
585,585,585,Camopi,GF,3.1655,-52.3158,71.82,98,39,2.73,scattered clouds
586,586,586,Roma,US,43.2128,-75.4557,65.62,85,75,1.99,light rain
587,587,587,Storozhevaya,RU,43.8789,41.4514,61.48,87,20,4.74,few clouds
588,588,588,Mazamari,PE,-11.3258,-74.5308,71.98,83,92,1.36,overcast clouds
589,589,589,Jizan,SA,17.3333,42.6667,81.54,75,100,3.02,overcast clouds
590,590,590,Sawtell,AU,-30.3833,153.1,64.42,59,100,8.05,heavy intensity rain
591,591,591,Najran,SA,17.4924,44.1277,81.25,43,88,3.53,overcast clouds
592,592,592,Turukhansk,RU,65.8167,87.9833,56.91,50,98,5.79,overcast clouds
593,593,593,Pyaozerskiy,RU,65.8333,31.1667,51.64,76,100,11.77,overcast clouds
594,594,594,Maceio,BR,-9.6658,-35.7353,72.84,88,0,4.61,clear sky
595,595,595,Barcelos,PT,41.5388,-8.6151,65.91,89,0,2.15,clear sky
596,596,596,Minab,IR,27.1467,57.0801,89.92,62,73,0.0,haze
597,597,597,West Wendover,US,40.7391,-114.0733,85.21,32,0,8.05,clear sky
598,598,598,Sindou,BF,10.6667,-5.1667,72.81,95,100,3.56,overcast clouds
599,599,599,Quartucciu,IT,39.2519,9.1794,73.0,69,0,10.0,clear sky
600,600,600,Stavern,NO,59.0,10.0333,59.31,92,6,6.8,clear sky
601,601,601,Miracema Do Tocantins,BR,-9.5618,-48.3967,78.89,34,0,4.34,clear sky
602,602,602,Nuuk,GL,64.1835,-51.7216,45.21,76,21,8.05,few clouds
603,603,603,Okha,RU,53.5739,142.9478,62.71,81,100,1.83,light rain
604,604,604,Kongoussi,BF,13.3258,-1.5347,79.36,75,100,5.41,moderate rain
605,605,605,Nelson Bay,AU,-32.7167,152.15,59.09,95,100,5.01,moderate rain
606,606,606,Aksu,CN,41.1231,80.2644,81.66,40,100,13.4,overcast clouds
607,607,607,Kalmunai,LK,7.4167,81.8167,83.08,65,73,2.15,broken clouds
608,608,608,Ejura,GH,7.3856,-1.3562,71.53,84,97,5.82,overcast clouds
609,609,609,Sheltozero,RU,61.3667,35.3667,61.59,87,65,12.06,broken clouds
610,610,610,Xiuyan,CN,40.2928,123.2744,80.28,75,72,6.62,broken clouds
611,611,611,Uray,RU,60.1247,64.7758,56.8,91,47,8.12,scattered clouds
612,612,612,Maldonado,UY,-34.6667,-54.9167,49.39,91,2,6.55,clear sky
613,613,613,The Valley,AI,18.217,-63.0578,82.81,77,100,17.69,overcast clouds
614,614,614,Puerto Leguizamo,CO,-0.1934,-74.7819,69.71,99,26,1.57,scattered clouds
615,615,615,Isla Vista,US,34.4133,-119.861,82.99,62,0,5.75,clear sky
616,616,616,Faenza,IT,44.2857,11.8833,73.26,43,97,2.51,light rain
617,617,617,Lanzhou,CN,36.0564,103.7922,83.89,55,85,2.59,overcast clouds
618,618,618,Basco,PH,20.4487,121.9702,84.81,70,11,6.67,few clouds
619,619,619,Kouroussa,GN,10.65,-9.8833,70.45,97,100,7.47,overcast clouds
620,620,620,Maxixe,MZ,-23.8597,35.3472,65.19,83,0,6.4,clear sky
621,621,621,Tabas,IR,33.5959,56.9244,77.76,20,0,7.27,clear sky
622,622,622,Nichinan,JP,31.6,131.3667,89.28,60,99,2.73,overcast clouds
623,623,623,Pilar,BR,-9.5972,-35.9567,71.53,95,3,4.97,clear sky
624,624,624,Sistranda,NO,63.7256,8.834,49.96,79,92,7.94,overcast clouds
625,625,625,Lichinga,MZ,-13.3128,35.2406,53.42,63,2,7.78,clear sky
626,626,626,Maniitsoq,GL,65.4167,-52.9,41.47,87,92,3.15,overcast clouds
627,627,627,Bilibino,RU,68.0546,166.4372,63.05,70,97,6.04,light rain
628,628,628,Litovko,RU,49.2361,135.1742,59.79,93,99,4.61,overcast clouds
629,629,629,Ugoofaaru,MV,5.6667,73.0,81.54,81,60,10.04,broken clouds
630,630,630,Rakiv Lis,UA,51.6217,24.9243,59.5,93,48,5.26,scattered clouds
631,631,631,Kulhudhuffushi,MV,6.6221,73.07,81.73,81,44,11.74,scattered clouds
632,632,632,Corn Island,NI,12.1694,-83.0418,80.92,84,100,13.15,overcast clouds
633,633,633,Martapura,ID,-3.4167,114.85,87.89,66,20,9.22,few clouds
634,634,634,Erechim,BR,-27.6342,-52.2739,44.1,95,0,4.23,clear sky
635,635,635,Araouane,ML,18.9048,-3.5265,94.59,34,9,9.13,clear sky
636,636,636,Kahului,US,20.8947,-156.47,89.62,40,20,23.02,few clouds
637,637,637,Mitsamiouli,KM,-11.3847,43.2844,74.7,69,6,6.4,clear sky
638,638,638,Estelle,US,29.8458,-90.1067,80.6,79,75,5.75,broken clouds
639,639,639,Talagang,PK,32.9297,72.4158,79.02,77,100,4.79,overcast clouds
640,640,640,Goderich,CA,43.7501,-81.7165,67.91,77,0,6.91,clear sky
641,641,641,Kiruna,SE,67.8557,20.2251,45.52,81,40,11.5,scattered clouds
642,642,642,Sorland,NO,67.667,12.6934,51.66,81,100,22.95,overcast clouds
643,643,643,Tigil,RU,57.8,158.6667,69.6,67,88,8.81,light rain
644,644,644,Kovur,IN,14.4833,79.9833,87.37,49,100,20.11,overcast clouds
645,645,645,Tautira,PF,-17.7333,-149.15,77.97,75,33,13.89,light rain
646,646,646,Japura,ID,-0.3167,102.35,88.97,58,77,4.45,broken clouds
647,647,647,Morro Bay,US,35.3658,-120.8499,82.4,68,72,4.0,broken clouds
648,648,648,Alausi,EC,-2.2,-78.8333,46.76,86,99,6.33,overcast clouds
649,649,649,Abu Samrah,SY,35.3029,37.1841,71.87,77,0,10.74,clear sky
650,650,650,Chon Daen,TH,16.1895,100.8596,83.19,86,100,5.73,light rain
651,651,651,Alice Springs,AU,-23.7,133.8833,65.21,23,0,10.36,clear sky
652,652,652,Cairns,AU,-16.9167,145.7667,82.35,58,40,8.05,scattered clouds
653,653,653,Kysyl-Syr,RU,63.8986,122.7617,61.39,63,95,4.61,overcast clouds
654,654,654,Esperantina,BR,-3.9017,-42.2336,71.64,95,10,4.25,clear sky
655,655,655,Victoria,HK,22.2855,114.1577,79.25,93,98,1.01,moderate rain
656,656,656,Jinchang,CN,38.4953,102.1739,84.87,51,2,5.19,clear sky
657,657,657,Mahur,IN,25.1667,93.1167,82.35,61,32,1.05,scattered clouds
658,658,658,Port Blair,IN,11.6667,92.75,82.44,83,75,8.05,mist
659,659,659,Hirara,JP,24.8,125.2833,85.86,84,75,4.61,broken clouds
660,660,660,Aitape,PG,-3.1374,142.3475,83.16,78,44,7.61,moderate rain
661,661,661,Banjar,ID,-8.19,114.9675,86.59,66,28,3.42,scattered clouds
662,662,662,Srednekolymsk,RU,67.45,153.6833,60.75,73,100,12.95,light rain
663,663,663,Dali,CN,25.7,100.1833,74.07,65,96,4.09,overcast clouds
664,664,664,Finschhafen,PG,-6.6024,147.8681,77.5,90,100,7.67,overcast clouds
665,665,665,Sosnovo-Ozerskoye,RU,52.5249,111.5418,68.05,43,7,6.91,clear sky
666,666,666,Hualmay,PE,-11.0964,-77.6139,61.52,84,39,10.76,scattered clouds
667,667,667,Kultuk,RU,51.7208,103.6956,67.08,67,100,4.05,overcast clouds
668,668,668,Merauke,ID,-8.4667,140.3333,80.06,72,66,17.07,broken clouds
669,669,669,Maragogi,BR,-9.0122,-35.2225,72.91,85,0,4.38,clear sky
670,670,670,Khandyga,RU,62.6667,135.6,68.58,60,96,1.5,overcast clouds
671,671,671,Inhambane,MZ,-23.865,35.3833,66.83,80,0,7.43,clear sky
672,672,672,Roald,NO,62.5833,6.1333,60.17,94,100,4.61,drizzle
673,673,673,Mantua,IT,45.1667,10.7833,72.64,86,100,1.99,overcast clouds
674,674,674,Svetlogorsk,BY,52.6333,29.7333,59.13,89,7,8.28,clear sky
675,675,675,Nemuro,JP,43.3236,145.575,67.98,96,100,18.14,heavy intensity rain
676,676,676,Raudeberg,NO,61.9875,5.1352,54.27,93,100,7.25,overcast clouds
677,677,677,Cherskiy,RU,68.75,161.3,55.22,67,94,16.75,overcast clouds
678,678,678,Catia La Mar,VE,10.6038,-67.0303,77.2,88,20,1.14,few clouds
679,679,679,Sigiriya,LK,7.9518,80.7426,82.24,67,42,16.44,scattered clouds
680,680,680,Kedrovyy,RU,56.1667,91.8167,64.81,52,7,5.3,clear sky
681,681,681,Noshiro,JP,40.2039,140.0242,77.83,92,100,12.57,overcast clouds
682,682,682,Kondinskoye,RU,59.6481,67.41,59.45,84,100,8.77,overcast clouds
683,683,683,Partenit,UA,44.578,34.3446,73.58,72,0,4.5,clear sky
684,684,684,Zyryanka,RU,65.75,150.85,78.48,40,30,9.44,scattered clouds
685,685,685,Tamandare,BR,-8.7597,-35.1047,73.35,85,4,2.71,clear sky
686,686,686,Seoul,KR,37.5683,126.9778,87.19,63,20,3.44,few clouds
